Ranking,Nazwa Oprogramowania,Producent,Strona WWW,Język Polski,Cena Miesięczna (50 pojazdów),Cena Jednorazowa Licencji,Podział Czasu Per Pojazd,Integracja ERP/Comarch,Kluczowe Funkcje,Zalety,Wady,Ocena Ogólna (1-10),Rekomendacja dla 50 Pojazdów
1,4Trans TachoScan + Rozliczenia,Inelo/Eurowag,eurowag.com/pl/uslugi/zarzadzanie-czasem-pracy/4trans,TAK - pełna,"Brak abonamentu (licencja)","~15 000-20 000 PLN (50 pojazdów, TachoScan+Rozliczenia)",TAK - pełny podział na pojazdy,"TAK - enova365, export do Comarch Optima przez moduł 4Trans","Analiza tachografów cyfrowych i analogowych, ewidencja czasu pracy, rozliczanie płac zagranicznych, wykrywanie manipulacji, Pakiet Mobilności","Lider rynku PL, pełna integracja z enova365, używany przez DVSA, podział kosztów per pojazd, wsparcie techniczne w PL","Wysoki koszt początkowy licencji, wymaga osobnej integracji z Comarch Optima",9,"NAJLEPSZY WYBÓR - idealne dopasowanie do wymagań, pełna obsługa PL, sprawdzona integracja ERP"
2,Tachospeed Expert,Infolab/Tachospeed,tachospeed.pl,TAK - pełna,"~50-100 PLN/pojazd (abonament online) lub licencja","~3 000-8 000 PLN (wersja desktop)",TAK - rozliczenie per pojazd,"Częściowa - export danych do plików CSV/Excel dla Comarch","Ewidencja czasu pracy, rozliczanie diet, nadgodzin, kontrola naruszeń, raporty zgodne z prawem transportowym","Oszczędność do 1000 PLN/kierowcę/miesiąc, polska firma, konkurencyjna cena, dobra dokumentacja","Mniejsza integracja ERP niż 4Trans, wymaga ręcznego importu do Comarch",8,"BARDZO DOBRY - świetny stosunek cena/funkcjonalność dla średniej floty"
3,SuperTachoWeb,SuperTachoWeb,supertachoweb.pl,TAK - pełna,"~2 500-4 000 PLN/miesiąc (50 pojazdów szacunkowo)",Brak - model SaaS,TAK - podział na rodzaj transportu,"Częściowa - export raportów dla księgowości","Rozliczanie czasu pracy online, diety, nadgodziny, naruszenia, raporty płacowe, dostęp przez przeglądarkę","Nowoczesna platforma chmurowa, brak instalacji, dostęp zdalny, aktualizacje automatyczne","Zależność od internetu, brak pełnej integracji z Comarch Optima",7.5,"DOBRY - idealny dla firm preferujących SaaS, łatwe wdrożenie"
4,EwiSystem,EwiCenter,ewicenter.pl,TAK - pełna,"~2 000-3 500 PLN/miesiąc (abonament szacunkowo)","Dostępna licencja wieczysta",TAK - ewidencja per kierowca/pojazd,"Tak - przygotowuje zestawienia dla księgowości","Rozliczanie ewidencji czasu pracy, Pakiet Mobilności, zestawienia dla księgowości i dokumentacji kontrolnej","Polska firma, kompleksowa obsługa transportu, dobre wsparcie techniczne","Mniej znany niż konkurencja, ograniczone informacje o integracji",7,"DOBRY - solidne rozwiązanie polskie z obsługą Pakietu Mobilności"
5,Webfleet (TomTom Telematics),Bridgestone/TomTom,webfleet.com/en_gb,TAK - dostępna,"~100-150 PLN/pojazd/miesiąc = 5 000-7 500 PLN",Brak - model subskrypcyjny + hardware,TAK - śledzenie per pojazd,"Częściowa - API do integracji, export danych","GPS tracking, tachograf cyfrowy, TachoShare (zdalny odczyt), zarządzanie flotą, optymalizacja tras","Globalny lider, niezawodność, pełna telematyka, integracja z nawigacją TomTom","Wyższe koszty miesięczne, wymaga zakupu hardware, bardziej skomplikowana integracja z PL ERP",7,"DOBRY - świetny dla firm z potrzebą pełnej telematyki i GPS"
6,Samsara,Samsara Inc.,samsara.com/uk,TAK - dostępna,"~40 USD/pojazd = ~8 000 PLN/miesiąc (50 pojazdów)",Brak - SaaS + hardware,TAK - dane per pojazd w czasie rzeczywistym,"API dostępne - wymaga custom integracji","Tachograph management, GPS tracking, AI dash cams, driver coaching, remote downloads","Nowoczesna platforma, AI analytics, świetny UX, real-time data","Wyższy koszt, głównie rynek anglosaski, wymaga custom integracji z polskim ERP",6.5,"ŚREDNI - dobry globalnie ale mniej dopasowany do polskich wymagań"
7,Geotab,Geotab Inc.,geotab.com/uk,TAK - dostępna,"~10-40 USD/pojazd = ~2 000-8 000 PLN/miesiąc",Brak - SaaS + hardware,TAK - szczegółowe dane per pojazd,"API marketplace - custom integracje","Digital tachograph, driver hours, fleet tracking, fuel management, EV support","Elastyczne pakiety cenowe, duży marketplace integracji, wsparcie EV","Złożona konfiguracja, wymaga partnera wdrożeniowego w PL",6.5,"ŚREDNI - dobry dla dużych flot z dedykowanym IT"
8,Verizon Connect,Verizon,verizonconnect.com,TAK - dostępna,"~150-200 USD/miesiąc bazowo + per pojazd",Brak - subskrypcja,TAK - driver hours per vehicle,"API dostępne","Digital tachograph, driver management, fleet tracking, compliance reports","Duża firma, stabilność, kompleksowe rozwiązanie","Wysoka cena, mniej popularny w PL, skomplikowane cenniki",6,"ŚREDNI - solidne ale drogie i mniej dopasowane do PL rynku"
9,Frotcom,Frotcom International,frotcom.com,TAK - dostępna,"~50-80 EUR/pojazd = ~10 000-16 000 PLN (szacunkowo)",Brak - subskrypcja + hardware,TAK - driving times monitoring per vehicle,"API dostępne - wymaga integracji","GPS tracking, driving times monitoring, fuel management, tachograph compliance","Europejski producent, 200+ krajów, dobra lokalizacja","Ograniczone informacje o cenach, mniej znany w PL",5.5,"PONIŻEJ ŚREDNIEJ - dobry europejski produkt ale mało informacji o PL wsparciu"
10,Tachogram,Tachogram,tachogram.com/en,TAK - częściowa,"€3.99/kierowca/miesiąc = ~850 PLN/miesiąc (50 kierowców)",Brak - subskrypcja,Częściowa - głównie per kierowca,"Brak natywnej - export danych","Analiza tachografu, EU compliance, infringement tracking, driver app","Bardzo niska cena, prosty interfejs, EU compliant","Ograniczone funkcje, brak pełnego podziału per pojazd, słaba integracja ERP",5,"PONIŻEJ ŚREDNIEJ - budżetowe rozwiązanie ale niewystarczające dla 50 pojazdów"
