Game Name,Company,Domain,SEO Description
Whiteout Survival,Century Games Pte. Ltd.,centurygames.com,"Survival strategy game centered on a glacial apocalypse theme with fascinating mechanics, build settlements, train troops, and survive the cold"
Frozen City,Century Games Pte. Ltd.,centurygames.com,"City-building simulation game set in an ice and snow apocalypse, manage resources and rebuild civilization"
Last Shelter: Survival,Long Tech Network Limited,longtechgames.com,"Real-time post-apocalyptic strategy war game, build a settlement, train troops, and engage in nation-vs-nation combat"
State of Survival,FunPlus / KingsGroup,stateofsurvival.game,"Post-apocalyptic mobile strategy game where you rebuild civilization after a zombie outbreak, base-building and fighting infected hordes"
Last Fortress: Underground,IM30.NET / Long Tech Network,im30.net,"Survive the apocalypse underground, build your fortress, recruit heroes, and defend against mutant threats"
Rise of Kingdoms,Lilith Games,lilithgames.com,"Epic real-time strategy game where you build your own civilization from a single town to a flourishing empire"
Lords Mobile,IGG,igg.com,"Epic real-time strategy RPG game combining clan wars, kingdom building, recruiting heroes, and global PvP battles"
Age of Origins,Camel Studio / Hong Kong Ke Mo Software,camelgames.com,"Tower defense strategy mobile game where you act as Commander rebuilding a city in a ruined world, defending against zombies"
Evony: The King's Return,Top Games Inc.,evony.com,"Real-time strategy MMO game where you build empires, train armies, and conquer kingdoms in historical settings"
Last Day on Earth: Survival,Kefir!,kefirgames.com,"Multiplayer zombie survival shooter with base building, crafting, and shooting zombies in a post-apocalyptic world"
LifeAfter,NetEase Games,neteasegames.com,"Open world doomsday survival MMORPG with resource scavenging, building infrastructure, and fending off zombie invasions"
Puzzles & Survival,37Games / Building-Blocks Network,37games.com,"Match-3 puzzle combined with strategy in a post-apocalyptic zombie setting, solve puzzles to fight zombies and build sanctuary"
Final Outpost,Exabyte Games Ltd,exabytegames.com,"Survival strategy base-builder where you manage citizens, build and upgrade an outpost, craft weapons, and defend against zombies"
Zero City: Apocalypse Survival,JETKITE Games,jetkite.com,"Zombie survival strategy RPG where you build shelter, train survivors, and battle against the undead"
Doomsday: Last Survivors,IGG,igg.com,"Zombie survival game with multiplayer online competition and real-time strategy elements in a near-future apocalypse"
After Inc.,Ndemic Creations Ltd,ndemiccreations.com,"Strategic simulation survival city builder and mini 4X game set after a zombie apocalypse, from creator of Plague Inc"
Dawn of Zombies: Survival,Royal Ark,dozsurvival.com,"Free-to-play mobile survival game with RPG elements set in post-nuclear-war world, defend shelter against bandits and mutants"
Last Empire - War Z: Strategy,Interesting Game Network Limited,im30.net,"Zombie post-apocalyptic mobile strategy game with base building, troop training, and alliance warfare"
Survival Tactics,Six Waves Inc.,6waves.com,"Mobile strategy game set in zombie apocalypse, blending strategy, shooting, and RPG elements"
Dead Ahead: Zombie Warfare,Mobirate,mobirate.com,"Tactical survival game featuring zombie warfare, strategic combat, and resource management"
Survivor Base - Zombie Siege,Loongcheer Game,loongcheer.com,"Survival strategy game set in post-apocalyptic zombie setting, manage camp, build defenses, collect resources"
Call of Dragons,Legou Games / Farlight Games,farlightgames.com,"Fantasy MMO strategy game with dragon riding, alliance battles, and kingdom building from Rise of Kingdoms developers"
The Ants: Underground Kingdom,StarUnion / StarFortune,staruniongame.com,"Base-building strategy game where you lead an ant colony, build underground empire, and battle for resources"
Ant Legion,Building-Blocks Network Technology,37games.com,"Lead ants and build an underground empire, develop ant legions and battle for resources and territory"
Frostpunk: Beyond the Ice,11 bit studios / NetEase,11bitstudios.com,"Mobile adaptation of PC survival simulator, manage a frozen city and make tough moral decisions to survive"
King of Avalon: Dragon Warfare,FunPlus,funplus.com,"Medieval fantasy strategy game with dragon raising, kingdom building, and massive multiplayer warfare"
Top War: Battle Game,Topwar Studio,topwar.io,"Innovative merge-to-upgrade strategy game with base building, troop training, and global warfare"
Castle Clash: World Ruler,IGG,igg.com,"Epic strategy war game combining tower defense, card collecting, and base building with hero battles"
Clash of Clans,Supercell,supercell.com,"Build your village, raise a clan, and compete in epic Clan Wars in this addictive combat strategy game"
Fallout Shelter,Bethesda Game Studios,bethesda.net,"Build the perfect vault, keep your dwellers happy, and protect them from wasteland dangers"
Exile Survival,Pride Studio OU,pride-games.com,"Survival genre mobile game where you survive harsh conditions, craft items, and build shelter"
Westland Survival,Helio Games,heliogames.com,"Survival RPG set in the Wild West with crafting, building, and fighting in a lawless frontier"
Idle Outpost: Zombie Apocalypse,Rockbite Games,rockbitegames.com,"Idle business simulator and tycoon game where you rebuild society in post-apocalyptic trading post"
Dust Lands Survival GO!,IGG,igg.com,"Post-apocalyptic multiplayer strategy war game with base building and alliance warfare"
Post Apo Tycoon,Daikama,daikama.com,"Idle strategy game set after apocalypse, build and restore a fallen world through strategic management"
Viking Rise,IGG,igg.com,"Strategy game where you lead Vikings to glory through conquest, exploration, and settlement building"
Deadwalk: The Last War,FunPlus,funplus.com,"Post-apocalyptic strategy game with base building, troop training, and massive multiplayer battles"
Shelter War: Zombie Games,JETKITE Games,jetkite.com,"Survival strategy RPG with shelter building, survivor training, and zombie combat"
Survival City Builder,Casual Azur Games,casualazurgames.com,"Base-building survival game where you construct and manage a post-apocalyptic settlement"
Sea of Conquest: Pirate War,FunPlus,funplus.com,"Naval strategy game with ship battles, exploration, and alliance warfare on the high seas"
Frost World,Winter Breaker,winterbreaker.com,"Frozen apocalypse survival strategy game with city building, resource management, and survival mechanics"
Last Island of Survival,Hero Entertainment,herogame.com,"Survival crafting game on a deserted island with base building and multiplayer elements"
Lost Survivors,InnoGames,innogames.com,"Survival strategy game where you lead survivors in a post-apocalyptic world"
Rebuild,Sarah Northway,rebuildgame.com,"Post-apocalyptic strategy game where you reclaim a city from zombies one square at a time"
UNDEAD FACTORY: ZombiePandemic,UNDEAD FACTORY,undead-factory.com,"Strategy game featuring mass infection mechanics and zombie pandemic survival"
Amikin Village,Helio Games,heliogames.com,"Village survival RPG with creature collecting, crafting, and community building"
March of Empires: War of Lords,Gameloft,gameloft.com,"Medieval strategy MMO with castle building, army training, and alliance warfare"
Pocket City,Codebrew Games,pocketcitygame.com,"City building simulation game with urban planning, resource management, and disaster response"
Total Battle: War Strategy,Scorewarrior,scorewarrior.com,"Fantasy strategy game with castle building, hero recruiting, and epic PvP battles"
Guns of Glory,FunPlus,funplus.com,"Action-packed strategy war game with base building, troop training, and alliance battles"
